{"cameraMode":{"drawMode":0,"name":"Shaded","section":"Shading Mode"},"sceneLighting":true,"audioPlay":false,"sceneViewState":{"showFog":true,"showMaterialUpdate":false,"showSkybox":true,"showFlares":true,"showImageEffects":true,"showParticleSystems":true},"in2DMode":false,"pivot":{"x":0.007300347089767456,"y":0.7352323532104492,"z":0.38087987899780276},"rotation":{"x":-0.45269638299942019,"y":-0.008830237202346325,"z":0.004482862539589405,"w":-0.8916097283363342},"size":12.00791072845459,"orthographic":false}